<?xml version="1.0"?>
<!DOCTYPE sport SYSTEM "sport.dtd">
<sport>
  <disziplin name="Tree 1" system="KO-System">
    <meldung name="BMV" platz="1">
      <spieler name="BMV" vorname="BMV" nachname="" verein="" spielerpass=""/>
    </meldung>
    <meldung name="Dr. Hirosima &amp; Prof. Nagasaki" platz="2">
      <spieler name="Dr. Hirosima &amp; Prof. Nagasaki" vorname="Dr. Hirosima &amp; Prof." nachname="Nagasaki" verein="" spielerpass=""/>
    </meldung>
    <meldung name="Nem inni jöttünk" platz="3">
      <spieler name="Nem inni jöttünk" vorname="Nem inni" nachname="jöttünk" verein="" spielerpass=""/>
    </meldung>
    <meldung name="Qpabara" platz="3">
      <spieler name="Qpabara" vorname="Qpabara" nachname="" verein="" spielerpass=""/>
    </meldung>
    <meldung name="Győzni jó de inni jobb" platz="5">
      <spieler name="Győzni jó de inni jobb" vorname="Győzni jó de inni" nachname="jobb" verein="" spielerpass=""/>
    </meldung>
    <meldung name="Ekschöntím B" platz="5">
      <spieler name="Ekschöntím B" vorname="Ekschöntím" nachname="B" verein="" spielerpass=""/>
    </meldung>
    <meldung name="Sörömlányok" platz="5">
      <spieler name="Sörömlányok" vorname="Sörömlányok" nachname="" verein="" spielerpass=""/>
    </meldung>
    <meldung name="Tündérrockerek" platz="5">
      <spieler name="Tündérrockerek" vorname="Tündérrockerek" nachname="" verein="" spielerpass=""/>
    </meldung>
    <meldung name="Csajszibarackok" platz="9">
      <spieler name="Csajszibarackok" vorname="Csajszibarackok" nachname="" verein="" spielerpass=""/>
    </meldung>
    <meldung name="Nigányok" platz="9">
      <spieler name="Nigányok" vorname="Nigányok" nachname="" verein="" spielerpass=""/>
    </meldung>
    <meldung name="asterix es obelix" platz="9">
      <spieler name="asterix es obelix" vorname="asterix es" nachname="obelix" verein="" spielerpass=""/>
    </meldung>
    <meldung name="Kreatív név" platz="9">
      <spieler name="Kreatív név" vorname="Kreatív" nachname="név" verein="" spielerpass=""/>
    </meldung>
    <runde no="1">
      <spiel no="2" heim="Csajszibarackok" gast="Tündérrockerek">
        <satz heim="0" gast="1"/>
      </spiel>
      <spiel no="4" heim="Ekschöntím B" gast="asterix es obelix">
        <satz heim="5" gast="0"/>
      </spiel>
      <spiel no="6" heim="Sörömlányok" gast="Nigányok">
        <satz heim="2" gast="0"/>
      </spiel>
      <spiel no="8" heim="Kreatív név" gast="Győzni jó de inni jobb">
        <satz heim="0" gast="10"/>
      </spiel>
    </runde>
    <runde no="2">
      <spiel no="1" heim="Nem inni jöttünk" gast="Tündérrockerek">
        <satz heim="1" gast="0"/>
      </spiel>
      <spiel no="2" heim="Dr. Hirosima &amp; Prof. Nagasaki" gast="Ekschöntím B">
        <satz heim="5" gast="0"/>
      </spiel>
      <spiel no="3" heim="BMV" gast="Sörömlányok">
        <satz heim="2" gast="0"/>
      </spiel>
      <spiel no="4" heim="Qpabara" gast="Győzni jó de inni jobb">
        <satz heim="1" gast="0"/>
      </spiel>
    </runde>
    <runde no="3">
      <spiel no="1" heim="Nem inni jöttünk" gast="Dr. Hirosima &amp; Prof. Nagasaki">
        <satz heim="0" gast="1"/>
      </spiel>
      <spiel no="2" heim="BMV" gast="Qpabara">
        <satz heim="2" gast="0"/>
      </spiel>
    </runde>
    <runde no="4">
      <spiel no="1" heim="Dr. Hirosima &amp; Prof. Nagasaki" gast="BMV">
        <satz heim="0" gast="1"/>
      </spiel>
    </runde>
  </disziplin>
</sport>