<?xml version="1.0"?>
<!DOCTYPE sport SYSTEM "sport.dtd">
<sport>
  <disziplin name="Vorrunde" system="Schweizer System">
    <meldung name="Dr. Hirosima &amp; Prof. Nagasaki" platz="1">
      <spieler name="Dr. Hirosima &amp; Prof. Nagasaki" vorname="Dr. Hirosima &amp; Prof." nachname="Nagasaki" verein="" spielerpass=""/>
    </meldung>
    <meldung name="Qpabara" platz="2">
      <spieler name="Qpabara" vorname="Qpabara" nachname="" verein="" spielerpass=""/>
    </meldung>
    <meldung name="Tündérrockerek" platz="3">
      <spieler name="Tündérrockerek" vorname="Tündérrockerek" nachname="" verein="" spielerpass=""/>
    </meldung>
    <meldung name="Sörömlányok" platz="4">
      <spieler name="Sörömlányok" vorname="Sörömlányok" nachname="" verein="" spielerpass=""/>
    </meldung>
    <runde no="1">
      <spiel no="1" heim="Tündérrockerek" gast="Qpabara">
        <satz heim="0" gast="1"/>
      </spiel>
      <spiel no="2" heim="Sörömlányok" gast="Dr. Hirosima &amp; Prof. Nagasaki">
        <satz heim="1" gast="0"/>
      </spiel>
    </runde>
    <runde no="2">
      <spiel no="1" heim="Tündérrockerek" gast="Dr. Hirosima &amp; Prof. Nagasaki">
        <satz heim="0" gast="1"/>
      </spiel>
      <spiel no="2" heim="Qpabara" gast="Sörömlányok">
        <satz heim="1" gast="0"/>
      </spiel>
    </runde>
    <runde no="3">
      <spiel no="1" heim="Tündérrockerek" gast="Sörömlányok">
        <satz heim="2" gast="0"/>
      </spiel>
      <spiel no="2" heim="Dr. Hirosima &amp; Prof. Nagasaki" gast="Qpabara">
        <satz heim="1" gast="0"/>
      </spiel>
    </runde>
    <runde no="4"/>
  </disziplin>
</sport>