<?xml version="1.0"?>
<!DOCTYPE sport SYSTEM "sport.dtd">
<sport>
  <disziplin name="Vorrunde" system="Schweizer System">
    <meldung name="BMV" platz="1">
      <spieler name="BMV" vorname="BMV" nachname="" verein="" spielerpass=""/>
    </meldung>
    <meldung name="asterix es obelix" platz="2">
      <spieler name="asterix es obelix" vorname="asterix es" nachname="obelix" verein="" spielerpass=""/>
    </meldung>
    <meldung name="Győzni jó de inni jobb" platz="3">
      <spieler name="Győzni jó de inni jobb" vorname="Győzni jó de inni" nachname="jobb" verein="" spielerpass=""/>
    </meldung>
    <meldung name="Csajszibarackok" platz="4">
      <spieler name="Csajszibarackok" vorname="Csajszibarackok" nachname="" verein="" spielerpass=""/>
    </meldung>
    <runde no="1">
      <spiel no="1" heim="Győzni jó de inni jobb" gast="Csajszibarackok">
        <satz heim="1" gast="0"/>
      </spiel>
      <spiel no="2" heim="asterix es obelix" gast="BMV">
        <satz heim="0" gast="2"/>
      </spiel>
    </runde>
    <runde no="2">
      <spiel no="1" heim="Győzni jó de inni jobb" gast="BMV">
        <satz heim="0" gast="2"/>
      </spiel>
      <spiel no="2" heim="Csajszibarackok" gast="asterix es obelix">
        <satz heim="0" gast="5"/>
      </spiel>
    </runde>
    <runde no="3">
      <spiel no="1" heim="Győzni jó de inni jobb" gast="asterix es obelix">
        <satz heim="0" gast="1"/>
      </spiel>
      <spiel no="2" heim="BMV" gast="Csajszibarackok">
        <satz heim="1" gast="0"/>
      </spiel>
    </runde>
    <runde no="4"/>
  </disziplin>
</sport>