<?xml version="1.0"?>
<!DOCTYPE sport SYSTEM "sport.dtd">
<sport>
  <disziplin name="Vorrunde" system="Schweizer System">
    <meldung name="Nem inni jöttünk" platz="1">
      <spieler name="Nem inni jöttünk" vorname="Nem inni" nachname="jöttünk" verein="" spielerpass=""/>
    </meldung>
    <meldung name="Nigányok" platz="2">
      <spieler name="Nigányok" vorname="Nigányok" nachname="" verein="" spielerpass=""/>
    </meldung>
    <meldung name="Ekschöntím B" platz="3">
      <spieler name="Ekschöntím B" vorname="Ekschöntím" nachname="B" verein="" spielerpass=""/>
    </meldung>
    <meldung name="Kreatív név" platz="4">
      <spieler name="Kreatív név" vorname="Kreatív" nachname="név" verein="" spielerpass=""/>
    </meldung>
    <runde no="1">
      <spiel no="1" heim="Nem inni jöttünk" gast="Ekschöntím B">
        <satz heim="3" gast="0"/>
      </spiel>
      <spiel no="2" heim="Nigányok" gast="Kreatív név">
        <satz heim="1" gast="0"/>
      </spiel>
    </runde>
    <runde no="2">
      <spiel no="1" heim="Nem inni jöttünk" gast="Kreatív név">
        <satz heim="1" gast="0"/>
      </spiel>
      <spiel no="2" heim="Ekschöntím B" gast="Nigányok">
        <satz heim="0" gast="1"/>
      </spiel>
    </runde>
    <runde no="3">
      <spiel no="1" heim="Nem inni jöttünk" gast="Nigányok">
        <satz heim="2" gast="0"/>
      </spiel>
      <spiel no="2" heim="Kreatív név" gast="Ekschöntím B">
        <satz heim="0" gast="5"/>
      </spiel>
    </runde>
    <runde no="4"/>
  </disziplin>
</sport>